-- phpMyAdmin SQL Dump
-- version 5.2.0
-- https://www.phpmyadmin.net/
--
-- Host: localhost:3306
-- Generation Time: Nov 03, 2023 at 01:27 PM
-- Server version: 8.0.30
-- PHP Version: 8.1.10

SET SQL_MODE = "NO_AUTO_VALUE_ON_ZERO";
START TRANSACTION;
SET time_zone = "+00:00";


/*!40101 SET @OLD_CHARACTER_SET_CLIENT=@@CHARACTER_SET_CLIENT */;
/*!40101 SET @OLD_CHARACTER_SET_RESULTS=@@CHARACTER_SET_RESULTS */;
/*!40101 SET @OLD_COLLATION_CONNECTION=@@COLLATION_CONNECTION */;
/*!40101 SET NAMES utf8mb4 */;

--
-- Database: `pkl62_wilayah_riset3`
--

-- --------------------------------------------------------

--
-- Table structure for table `bloksensus`
--

CREATE TABLE `bloksensus` (
  `id` varchar(14) NOT NULL,
  `kabupaten` char(4) NOT NULL,
  `kecamatan` char(7) NOT NULL,
  `kelurahandesa` varchar(10) NOT NULL,
  `nama` varchar(4) NOT NULL,
  `stratifikasi` enum('1','2') NOT NULL,
  `jumlah_rt` varchar(4) NOT NULL,
  `jumlah_rt_update` varchar(4) NOT NULL,
  `sls` varchar(256) NOT NULL,
  `nim` varchar(9) NOT NULL,
  `beban_cacah` int NOT NULL,
  `status` varchar(50) NOT NULL DEFAULT 'listing',
  `jumlah_rt_internet` int NOT NULL
) ENGINE=InnoDB DEFAULT CHARSET=latin1;

--
-- Dumping data for table `bloksensus`
--

INSERT INTO `bloksensus` (`id`, `kabupaten`, `kecamatan`, `kelurahandesa`, `nama`, `stratifikasi`, `jumlah_rt`, `jumlah_rt_update`, `sls`, `nim`, `beban_cacah`, `status`, `jumlah_rt_internet`) VALUES
('3507010001333A', '3507', '3507040', '3507040001', '333A', '1', '5', '0', 'RT00/RW00', '333333331', 5, 'listing', 0),
('3507010001333D', '3507', '3507040', '3507040001', '333D', '1', '5', '0', 'RT00/RW00', '333333331', 5, 'listing', 0),
('3507010002333B', '3507', '3507040', '3507040001', '333B', '1', '5', '0', 'RT00/RW00', '333333332', 5, 'listing', 0),
('3507010002333C', '3507', '3507040', '3507040001', '333C', '1', '5', '0', 'RT00/RW00', '333333332', 5, 'listing', 0),
('3507010002333E', '3507', '3507040', '3507040001', '333E', '1', '5', '0', 'RT00/RW00', '333333332', 5, 'listing', 0),
('3507040001013B', '3507', '3507040', '3507040001', '013B', '1', '5', '0', 'RT00/RW00', '212011564', 5, 'uploaded', 0),
('3507040001023B', '3507', '3507040', '3507040001', '023B', '1', '5', '0', 'RT00/RW00', '212011380', 5, 'uploaded', 0),
('3507040001025B', '3507', '3507040', '3507040001', '025B', '1', '5', '0', 'RT00/RW00', '212011495', 5, 'uploaded', 0),
('3507040001027B', '3507', '3507040', '3507040001', '027B', '1', '5', '0', 'RT00/RW00', '212011409', 5, 'uploaded', 0),
('3507040002011B', '3507', '3507040', '3507040002', '011B', '1', '5', '0', 'RT00/RW00', '222011515', 5, 'uploaded', 0),
('3507040002021B', '3507', '3507040', '3507040002', '021B', '1', '5', '0', 'RT00/RW00', '212011583', 5, 'ready', 0),
('3507040003001B', '3507', '3507040', '3507040003', '001B', '1', '5', '0', 'RT00/RW00', '212011252', 5, 'uploaded', 0),
('3507040003017B', '3507', '3507040', '3507040003', '017B', '1', '5', '0', 'RT00/RW00', '212011288', 5, 'uploaded', 0),
('3507040003019B', '3507', '3507040', '3507040003', '019B', '1', '5', '0', 'RT00/RW00', '212011477', 5, 'uploaded', 0),
('3507040005003B', '3507', '3507040', '3507040005', '003B', '1', '5', '0', 'RT00/RW00', '212011828', 5, 'ready', 0),
('3507040005005B', '3507', '3507040', '3507040005', '005B', '1', '5', '0', 'RT00/RW00', '212011415', 5, 'uploaded', 0),
('3507040005007B', '3507', '3507040', '3507040005', '007B', '1', '5', '0', 'RT00/RW00', '222011364', 5, 'uploaded', 0),
('3507040005008B', '3507', '3507040', '3507040005', '008B', '1', '5', '0', 'RT00/RW00', '212011394', 5, 'uploaded', 0),
('3507040005015B', '3507', '3507040', '3507040005', '015B', '1', '5', '0', 'RT00/RW00', '212011441', 5, 'uploaded', 0),
('3507040005022B', '3507', '3507040', '3507040005', '022B', '1', '5', '0', 'RT00/RW00', '212011481', 5, 'ready', 0),
('3507040005023B', '3507', '3507040', '3507040005', '023B', '1', '5', '0', 'RT00/RW00', '212011290', 5, 'ready', 0),
('3507040005028B', '3507', '3507040', '3507040005', '028B', '1', '5', '0', 'RT00/RW00', '222011520', 5, 'uploaded', 0),
('3507040005030B', '3507', '3507040', '3507040005', '030B', '1', '5', '0', 'RT00/RW00', '212011745', 5, 'uploaded', 0),
('3507040005037B', '3507', '3507040', '3507040005', '037B', '1', '5', '0', 'RT00/RW00', '212011375', 5, 'uploaded', 0),
('3507040005041B', '3507', '3507040', '3507040005', '041B', '1', '5', '0', 'RT00/RW00', '212011602', 5, 'uploaded', 0),
('3507040005046B', '3507', '3507040', '3507040005', '046B', '1', '5', '0', 'RT00/RW00', '212011418', 5, 'ready', 0),
('3507040006021B', '3507', '3507040', '3507040006', '021B', '1', '5', '0', 'RT00/RW00', '212011438', 5, 'ready', 0),
('3507040006025B', '3507', '3507040', '3507040006', '025B', '1', '5', '0', 'RT00/RW00', '212011764', 5, 'ready', 0),
('3507040007004B', '3507', '3507040', '3507040007', '004B', '1', '5', '0', 'RT00/RW00', '212011360', 5, 'ready', 0),
('3507040007006B', '3507', '3507040', '3507040007', '006B', '1', '5', '0', 'RT00/RW00', '212011760', 5, 'ready', 0),
('3507040007014B', '3507', '3507040', '3507040007', '014B', '1', '5', '0', 'RT00/RW00', '212011671', 5, 'uploaded', 0),
('3507040007026B', '3507', '3507040', '3507040007', '026B', '1', '5', '0', 'RT00/RW00', '212011593', 5, 'ready', 0),
('3507040007031B', '3507', '3507040', '3507040007', '031B', '1', '5', '0', 'RT00/RW00', '212011734', 5, 'ready', 0),
('3507040008002B', '3507', '3507040', '3507040008', '002B', '1', '5', '0', 'RT00/RW00', '212011808', 5, 'ready', 0),
('3507040008009B', '3507', '3507040', '3507040008', '009B', '1', '5', '0', 'RT00/RW00', '222011569', 5, 'uploaded', 0),
('3507040008011B', '3507', '3507040', '3507040008', '011B', '1', '5', '0', 'RT00/RW00', '212011688', 5, 'uploaded', 0),
('3507040008013B', '3507', '3507040', '3507040008', '013B', '1', '5', '0', 'RT00/RW00', '212011283', 5, 'ready', 0),
('3507040008022B', '3507', '3507040', '3507040008', '022B', '1', '5', '0', 'RT00/RW00', '212011447', 5, 'uploaded', 0),
('3507040008023B', '3507', '3507040', '3507040008', '023B', '1', '5', '0', 'RT00/RW00', '212011410', 5, 'uploaded', 0),
('3507040008027B', '3507', '3507040', '3507040008', '027B', '1', '5', '0', 'RT00/RW00', '212011292', 5, 'ready', 0),
('3507040008028B', '3507', '3507040', '3507040008', '028B', '1', '5', '0', 'RT00/RW00', '212011817', 5, 'ready', 0),
('3507040008032B', '3507', '3507040', '3507040008', '032B', '1', '5', '0', 'RT00/RW00', '212011658', 5, 'uploaded', 0),
('3507040009015B', '3507', '3507040', '3507040009', '015B', '1', '5', '0', 'RT00/RW00', '212011359', 5, 'uploaded', 0),
('3507040009017B', '3507', '3507040', '3507040009', '017B', '1', '5', '0', 'RT00/RW00', '212011342', 5, 'uploaded', 0),
('3507040009019B', '3507', '3507040', '3507040009', '019B', '1', '5', '0', 'RT00/RW00', '212011799', 5, 'uploaded', 0),
('3507100001017B', '3507', '3507100', '3507100001', '017B', '1', '5', '0', 'RT00/RW00', '212011484', 5, 'ready', 0),
('3507100001025B', '3507', '3507100', '3507100001', '025B', '1', '5', '0', 'RT00/RW00', '212011594', 5, 'ready', 0),
('3507100002008B', '3507', '3507100', '3507100002', '008B', '1', '5', '0', 'RT00/RW00', '212011741', 5, 'ready', 0),
('3507100002016B', '3507', '3507100', '3507100002', '016B', '1', '5', '0', 'RT00/RW00', '212011286', 5, 'uploaded', 0),
('3507100003002B', '3507', '3507100', '3507100003', '002B', '1', '5', '0', 'RT00/RW00', '212011819', 5, 'uploaded', 0),
('3507100003015B', '3507', '3507100', '3507100003', '015B', '1', '5', '0', 'RT00/RW00', '212011382', 5, 'uploaded', 0),
('3507100005007B', '3507', '3507100', '3507100005', '007B', '1', '5', '0', 'RT00/RW00', '212011802', 5, 'uploaded', 0),
('3507100005010B', '3507', '3507100', '3507100005', '010B', '1', '5', '0', 'RT00/RW00', '212011336', 5, 'uploaded', 0),
('3507100006002B', '3507', '3507100', '3507100006', '002B', '1', '5', '0', 'RT00/RW00', '212011573', 5, 'uploaded', 0),
('3507100006019B', '3507', '3507100', '3507100006', '019B', '1', '5', '0', 'RT00/RW00', '222011321', 5, 'uploaded', 0),
('3507100007003B', '3507', '3507100', '3507100007', '003B', '1', '5', '0', 'RT00/RW00', '222011589', 5, 'uploaded', 0),
('3507100007004B', '3507', '3507100', '3507100007', '004B', '1', '5', '0', 'RT00/RW00', '212011478', 5, 'uploaded', 0),
('3507100007008B', '3507', '3507100', '3507100007', '008B', '1', '5', '0', 'RT00/RW00', '212011557', 5, 'uploaded', 0),
('3507100007009B', '3507', '3507100', '3507100007', '009B', '1', '5', '0', 'RT00/RW00', '212011699', 5, 'uploaded', 0),
('3507100007011B', '3507', '3507100', '3507100007', '011B', '1', '5', '0', 'RT00/RW00', '212011251', 5, 'uploaded', 0),
('3507100007014B', '3507', '3507100', '3507100007', '014B', '1', '5', '0', 'RT00/RW00', '212011308', 5, 'uploaded', 0),
('3507100007021B', '3507', '3507100', '3507100007', '021B', '1', '5', '0', 'RT00/RW00', '212011348', 5, 'ready', 0),
('3507100010002B', '3507', '3507100', '3507100010', '002B', '1', '5', '0', 'RT00/RW00', '212011497', 5, 'uploaded', 0),
('3507100010007B', '3507', '3507100', '3507100010', '007B', '1', '5', '0', 'RT00/RW00', '212011315', 5, 'uploaded', 0),
('3507100010012B', '3507', '3507100', '3507100010', '012B', '1', '5', '0', 'RT00/RW00', '212011413', 5, 'uploaded', 0),
('3507100010014B', '3507', '3507100', '3507100010', '014B', '1', '5', '0', 'RT00/RW00', '212011812', 5, 'uploaded', 0),
('3507100010015B', '3507', '3507100', '3507100010', '015B', '1', '5', '0', 'RT00/RW00', '212011279', 5, 'uploaded', 0),
('3507100010016B', '3507', '3507100', '3507100010', '016B', '1', '5', '0', 'RT00/RW00', '212011679', 5, 'uploaded', 0),
('3507100010022B', '3507', '3507100', '3507100010', '022B', '1', '5', '0', 'RT00/RW00', '222011395', 5, 'uploaded', 0),
('3507100010028B', '3507', '3507100', '3507100010', '028B', '1', '5', '0', 'RT00/RW00', '222011267', 5, 'uploaded', 0),
('3507100011001B', '3507', '3507100', '3507100011', '001B', '1', '5', '0', 'RT00/RW00', '212011423', 5, 'uploaded', 0),
('3507100011003B', '3507', '3507100', '3507100011', '003B', '1', '5', '0', 'RT00/RW00', '212011697', 5, 'uploaded', 0),
('3507100011005B', '3507', '3507100', '3507100011', '005B', '1', '5', '0', 'RT00/RW00', '212011339', 5, 'ready', 0),
('3507100011006B', '3507', '3507100', '3507100011', '006B', '1', '5', '0', 'RT00/RW00', '212011653', 5, 'uploaded', 0),
('3507100011008B', '3507', '3507100', '3507100011', '008B', '1', '5', '0', 'RT00/RW00', '212011501', 5, 'uploaded', 0),
('3507100011010B', '3507', '3507100', '3507100011', '010B', '1', '5', '0', 'RT00/RW00', '212011264', 5, 'uploaded', 0),
('3507100011013B', '3507', '3507100', '3507100011', '013B', '1', '5', '0', 'RT00/RW00', '222011534', 5, 'uploaded', 0),
('3507100011020B', '3507', '3507100', '3507100011', '020B', '1', '5', '0', 'RT00/RW00', '212011743', 5, 'uploaded', 0),
('3507100012005B', '3507', '3507100', '3507100012', '005B', '1', '5', '0', 'RT00/RW00', '212011680', 5, 'uploaded', 0),
('3507100012007B', '3507', '3507100', '3507100012', '007B', '1', '5', '0', 'RT00/RW00', '212011609', 5, 'uploaded', 0),
('3507100012009B', '3507', '3507100', '3507100012', '009B', '1', '5', '0', 'RT00/RW00', '212011328', 5, 'uploaded', 0),
('3507100012018B', '3507', '3507100', '3507100012', '018B', '1', '5', '0', 'RT00/RW00', '212011809', 5, 'uploaded', 0),
('3507100012019B', '3507', '3507100', '3507100012', '019B', '1', '5', '0', 'RT00/RW00', '212011439', 5, 'uploaded', 0),
('3507100012023B', '3507', '3507100', '3507100012', '023B', '1', '5', '0', 'RT00/RW00', '212011783', 5, 'uploaded', 0),
('3507100013003B', '3507', '3507100', '3507100013', '003B', '1', '5', '0', 'RT00/RW00', '212011443', 5, 'uploaded', 0),
('3507100014009B', '3507', '3507100', '3507100014', '009B', '1', '5', '0', 'RT00/RW00', '212011299', 5, 'uploaded', 0),
('3507100014011B', '3507', '3507100', '3507100014', '011B', '1', '5', '0', 'RT00/RW00', '212011327', 5, 'uploaded', 0),
('3507100014017B', '3507', '3507100', '3507100014', '017B', '1', '5', '0', 'RT00/RW00', '212011598', 5, 'uploaded', 0),
('3507100014021B', '3507', '3507100', '3507100014', '021B', '1', '5', '0', 'RT00/RW00', '212011285', 5, 'uploaded', 0),
('3507100015010B', '3507', '3507100', '3507100015', '010B', '1', '5', '0', 'RT00/RW00', '212011539', 5, 'uploaded', 0),
('3507100015013B', '3507', '3507100', '3507100015', '013B', '1', '5', '0', 'RT00/RW00', '222011347', 5, 'uploaded', 0),
('3507100016004B', '3507', '3507100', '3507100016', '004B', '1', '5', '0', 'RT00/RW00', '212011482', 5, 'uploaded', 0),
('3507100016006B', '3507', '3507100', '3507100016', '006B', '1', '5', '0', 'RT00/RW00', '212011487', 5, 'uploaded', 0),
('3507100016012B', '3507', '3507100', '3507100016', '012B', '1', '5', '0', 'RT00/RW00', '212011669', 5, 'uploaded', 0),
('3507310002010B', '3507', '3507310', '3507310002', '010B', '1', '5', '0', 'RT00/RW00', '212011526', 5, 'uploaded', 0),
('3507310002018B', '3507', '3507310', '3507310002', '018B', '1', '5', '0', 'RT00/RW00', '212011717', 5, 'uploaded', 0),
('3507310003011B', '3507', '3507310', '3507310003', '011B', '1', '5', '0', 'RT00/RW00', '222011822', 5, 'uploaded', 0),
('3507310004001B', '3507', '3507310', '3507310004', '001B', '1', '5', '0', 'RT00/RW00', '212011337', 5, 'uploaded', 0),
('3507310004002B', '3507', '3507310', '3507310004', '002B', '1', '5', '0', 'RT00/RW00', '212011782', 5, 'uploaded', 0),
('3507310004005B', '3507', '3507310', '3507310004', '005B', '1', '5', '0', 'RT00/RW00', '212011505', 5, 'uploaded', 0),
('3507310004006B', '3507', '3507310', '3507310004', '006B', '1', '5', '0', 'RT00/RW00', '212011444', 5, 'uploaded', 0),
('3507310004007B', '3507', '3507310', '3507310004', '007B', '1', '5', '0', 'RT00/RW00', '222011746', 5, 'uploaded', 0),
('3507310004015B', '3507', '3507310', '3507310004', '015B', '1', '5', '0', 'RT00/RW00', '212011761', 5, 'uploaded', 0),
('3507310004016B', '3507', '3507310', '3507310004', '016B', '1', '5', '0', 'RT00/RW00', '212011599', 5, 'uploaded', 0),
('3507310004017B', '3507', '3507310', '3507310004', '017B', '1', '5', '0', 'RT00/RW00', '222011287', 5, 'uploaded', 0),
('3507310004020B', '3507', '3507310', '3507310004', '020B', '1', '5', '0', 'RT00/RW00', '212011302', 5, 'uploaded', 0),
('3507310004021B', '3507', '3507310', '3507310004', '021B', '1', '5', '0', 'RT00/RW00', '212011533', 5, 'uploaded', 0),
('3507310004026B', '3507', '3507310', '3507310004', '026B', '1', '5', '0', 'RT00/RW00', '222011325', 5, 'uploaded', 0),
('3507310004028B', '3507', '3507310', '3507310004', '028B', '1', '5', '0', 'RT00/RW00', '212011448', 5, 'uploaded', 0),
('3507310005003B', '3507', '3507310', '3507310005', '003B', '1', '5', '0', 'RT00/RW00', '212011473', 5, 'uploaded', 0),
('3507310005007B', '3507', '3507310', '3507310005', '007B', '1', '5', '0', 'RT00/RW00', '222011572', 5, 'uploaded', 0),
('3507310005008B', '3507', '3507310', '3507310005', '008B', '1', '5', '0', 'RT00/RW00', '222011334', 5, 'uploaded', 0),
('3507310005009B', '3507', '3507310', '3507310005', '009B', '1', '5', '0', 'RT00/RW00', '221911244', 5, 'uploaded', 0),
('3507310005011B', '3507', '3507310', '3507310005', '011B', '1', '5', '0', 'RT00/RW00', '212011430', 5, 'uploaded', 0),
('3507310005012B', '3507', '3507310', '3507310005', '012B', '1', '5', '0', 'RT00/RW00', '212011468', 5, 'uploaded', 0),
('3507310005013B', '3507', '3507310', '3507310005', '013B', '1', '5', '0', 'RT00/RW00', '212011265', 5, 'ready', 0),
('3507310005014B', '3507', '3507310', '3507310005', '014B', '1', '5', '0', 'RT00/RW00', '212011612', 5, 'ready', 0),
('3507310005017B', '3507', '3507310', '3507310005', '017B', '1', '5', '0', 'RT00/RW00', '212011584', 5, 'uploaded', 0),
('3507310005018B', '3507', '3507310', '3507310005', '018B', '1', '5', '0', 'RT00/RW00', '212011826', 5, 'uploaded', 0),
('3507310005019B', '3507', '3507310', '3507310005', '019B', '1', '5', '0', 'RT00/RW00', '222011790', 5, 'uploaded', 0),
('3507310006001B', '3507', '3507310', '3507310006', '001B', '1', '5', '0', 'RT00/RW00', '212011640', 5, 'uploaded', 0),
('3507310006004B', '3507', '3507310', '3507310006', '004B', '1', '5', '0', 'RT00/RW00', '222011355', 5, 'uploaded', 0),
('3507310006005B', '3507', '3507310', '3507310006', '005B', '1', '5', '0', 'RT00/RW00', '212011614', 5, 'uploaded', 0),
('3507310006011B', '3507', '3507310', '3507310006', '011B', '1', '5', '0', 'RT00/RW00', '212011318', 5, 'uploaded', 0),
('3507310006014B', '3507', '3507310', '3507310006', '014B', '1', '5', '0', 'RT00/RW00', '212011344', 5, 'uploaded', 0),
('3507310006016B', '3507', '3507310', '3507310006', '016B', '1', '5', '0', 'RT00/RW00', '212011713', 5, 'uploaded', 0),
('3507310006023B', '3507', '3507310', '3507310006', '023B', '1', '5', '0', 'RT00/RW00', '212011673', 5, 'uploaded', 0),
('3507310006024B', '3507', '3507310', '3507310006', '024B', '1', '5', '0', 'RT00/RW00', '212011804', 5, 'uploaded', 0),
('3507310008013B', '3507', '3507310', '3507310008', '013B', '1', '5', '0', 'RT00/RW00', '212011420', 5, 'uploaded', 0),
('3507310008015B', '3507', '3507310', '3507310008', '015B', '1', '5', '0', 'RT00/RW00', '212011715', 5, 'uploaded', 0),
('3507310009006B', '3507', '3507310', '3507310009', '006B', '1', '5', '0', 'RT00/RW00', '212011778', 5, 'uploaded', 0),
('3507310009008B', '3507', '3507310', '3507310009', '008B', '1', '5', '0', 'RT00/RW00', '212011556', 5, 'uploaded', 0),
('3507310009012B', '3507', '3507310', '3507310009', '012B', '1', '5', '0', 'RT00/RW00', '222011369', 5, 'uploaded', 0),
('3507310009021B', '3507', '3507310', '3507310009', '021B', '1', '5', '0', 'RT00/RW00', '212011434', 5, 'uploaded', 0);

-- --------------------------------------------------------

--
-- Table structure for table `datast`
--

CREATE TABLE `datast` (
  `kodeBs` varchar(14) NOT NULL,
  `kodeRuta` varchar(20) NOT NULL
) ENGINE=InnoDB DEFAULT CHARSET=latin1;

--
-- Dumping data for table `datast`
--

INSERT INTO `datast` (`kodeBs`, `kodeRuta`) VALUES
('3507040005037B', '0031fec2-ab7e-4c84-b'),
('3507040005008B', '004d6878-c694-4b1b-9'),
('3507310004006B', '016244ca-368a-4944-a'),
('3507310005009B', '01714738-5b6d-4306-a'),
('3507100012007B', '01a07719-644e-4b6c-8'),
('3507310006023B', '0257e5d4-0f96-4510-b'),
('3507310006005B', '02bbdafc-3cf3-4954-8'),
('3507310005003B', '03cccb85-50bb-4222-b'),
('3507310005019B', '04473360-0640-4c09-9'),
('3507310004005B', '05434b8e-cc30-41ec-9'),
('3507310006011B', '061204f1-4a39-4cc1-b'),
('3507310006011B', '0632e362-5a94-4e1a-b'),
('3507100002016B', '0672f62b-65f6-424d-9'),
('3507100011001B', '06cc242a-4ff4-4950-9'),
('3507100007014B', '07139a33-5b51-4cb5-8'),
('3507310003011B', '07989a03-2847-4d1b-b'),
('3507310004002B', '07a5678e-29e2-4dcb-b'),
('3507100011003B', '07a595b0-53f6-4b17-9'),
('3507040008009B', '07b903a2-780b-4602-8'),
('3507310004017B', '07fbc14c-5c15-442a-b'),
('3507100012019B', '084419ad-4823-4746-a'),
('3507040003001B', '08b58c2e-752d-46dd-a'),
('3507310006004B', '098334a2-4df6-4331-8'),
('3507100016012B', '0a0f3421-f037-4270-a'),
('3507310008013B', '0a0ff768-a80c-4e1b-9'),
('3507310004006B', '0a40950d-958b-4d96-9'),
('3507310004015B', '0a95b933-df1e-4e74-b'),
('3507310004028B', '0b780467-d10b-426e-a'),
('3507100016006B', '0c001de3-24e7-4ac3-b'),
('3507310005017B', '0c4047df-6975-4462-a'),
('3507100016012B', '0c79cd8f-257c-4f94-9'),
('3507310005017B', '0c807836-6eba-4331-b'),
('3507310005018B', '0c8efbac-a9cf-4ab1-8'),
('3507310009006B', '0c8fbef1-770f-4881-8'),
('3507310006023B', '0ca445e3-b480-4298-9'),
('3507100014021B', '0d4f8438-53e1-4f32-8'),
('3507100016012B', '0d74af1e-d627-4dd3-9'),
('3507310004020B', '0d79257f-ee84-4dce-9'),
('3507310006016B', '0e1b615d-449b-43f8-9'),
('3507040008023B', '0e818f70-7ed5-4684-b'),
('3507310004007B', '0e846dae-ca93-49bc-9'),
('3507310005018B', '0eb8454d-4ab8-4c16-a'),
('3507310008015B', '0f69ecf8-78a9-4b10-b'),
('3507310004007B', '10c9fe78-e122-484d-b'),
('3507040008032B', '110a26b0-172e-4863-b'),
('3507100016004B', '11479ff4-5998-4967-b'),
('3507310005008B', '116964ec-356b-45f4-b'),
('3507310005017B', '118fd8c9-0c4b-4c10-b'),
('3507310006016B', '11e77a27-92b6-4092-a'),
('3507310004007B', '1326bc4c-cf64-4230-8'),
('3507040001013B', '13e774b2-ca7a-4c70-9'),
('3507310009021B', '149727c7-e568-4824-8'),
('3507310004020B', '14bdbc5b-fdfd-44fd-b'),
('3507040005028B', '14f32d97-4c5b-40b7-a'),
('3507310009006B', '150d3ef6-5012-46f0-b'),
('3507310003011B', '1514c47c-36e4-49d7-b'),
('3507100011008B', '15230a74-d8ab-48bf-b'),
('3507100011006B', '1527bd7a-1234-4cae-9'),
('3507310005017B', '158f9346-4f4c-4b95-9'),
('3507310004007B', '15a83af0-3d60-4fbb-9'),
('3507310005018B', '15ec5a1d-cb29-42e2-9'),
('3507310008013B', '15ed55af-01e3-44eb-b'),
('3507100016004B', '15f91202-6afb-487f-b'),
('3507310004015B', '16b42094-8a55-447c-8'),
('3507100014021B', '16b776cb-c0d4-4845-8'),
('3507310004006B', '172d01d4-1ed6-4f0c-a'),
('3507310006014B', '1801f685-16f3-4563-9'),
('3507100005007B', '185729e6-bbf3-4ab4-9'),
('3507310006001B', '18852f19-57a3-4a9f-8'),
('3507310005003B', '18a93899-05c9-4a7e-b'),
('3507040005007B', '18bfa55e-d344-4f48-b'),
('3507310005008B', '18fe05d6-70a4-472a-9'),
('3507310005009B', '1a48dcee-d91c-40a6-8'),
('3507100016006B', '1a9ee8be-45de-42a1-9'),
('3507040003001B', '1b68c46c-7e9f-4406-b'),
('3507100002016B', '1baf22cf-2397-4214-a'),
('3507100014009B', '1c0cd0da-05ab-4ac7-9'),
('3507310004028B', '1c270143-6687-447c-9'),
('3507310004007B', '1c4eb710-ecac-4a68-8'),
('3507310004002B', '1ca49889-2684-451e-8'),
('3507040001027B', '1d04aecd-e43c-4b8a-9'),
('3507310006011B', '1d4be7df-17d0-4ae2-a'),
('3507310004021B', '1d7bfde4-45d0-48cf-8'),
('3507310004006B', '1d9fae97-a420-4041-9'),
('3507040008011B', '1db311af-4da3-47e9-b'),
('3507040005005B', '1dd47878-3170-462d-a'),
('3507310004005B', '1e080616-1772-4362-b'),
('3507040005015B', '1e4b4ff0-1f89-44fc-a'),
('3507310008013B', '1f1d3f42-e849-4900-9'),
('3507310004026B', '1fae6da4-2f52-44cb-8'),
('3507310004016B', '2042b5d2-d13b-4c0e-9'),
('3507100014021B', '209a469e-e1f8-4e82-9'),
('3507310005003B', '2189a451-17b2-476c-b'),
('3507100010002B', '21a341dc-58c5-4838-8'),
('3507310006014B', '22ae35a6-2b2c-4b9c-a'),
('3507310004020B', '22f5da25-11ca-4581-a'),
('3507100007014B', '2325c065-1879-4892-8'),
('3507100012018B', '2338cb68-3e51-4602-b'),
('3507100014017B', '2352d5c6-d6e7-4a95-b'),
('3507310004015B', '235b8029-5695-4656-8'),
('3507310009021B', '235ed721-23b9-4ba9-8'),
('3507310005019B', '239dd489-864c-4f51-8'),
('3507310004015B', '23e6c677-d7cf-4e7e-a'),
('3507040003017B', '2433a477-7e9a-4787-b'),
('3507100012018B', '24432bb6-46c0-4ad6-8'),
('3507040008032B', '24913f61-27ae-46c1-8'),
('3507040003001B', '24d389ea-f363-49ed-b'),
('3507310004015B', '253a4ab7-555e-48e8-a'),
('3507310004021B', '2543da60-2cd5-4468-9'),
('3507310005011B', '2628d999-35c1-4cd1-9'),
('3507310003011B', '2696e71a-d2b7-4d45-8'),
('3507100003002B', '276bebcc-3f0a-47a8-b'),
('3507310005007B', '28889f1c-b5fe-4de9-8'),
('3507100012018B', '28b157a3-9afe-463d-8'),
('3507040009015B', '28fe940f-7788-41ea-a'),
('3507100013003B', '294f6ba2-f985-4732-8'),
('3507310004005B', '29aaffdf-20e2-413a-9'),
('3507310006024B', '29d644ef-4965-4f84-9'),
('3507100014009B', '29f6c783-ab7a-495b-b'),
('3507040005008B', '2a9e5cb7-88ec-456c-a'),
('3507040002011B', '2ae9dd28-6a72-4d33-b'),
('3507100015013B', '2b376513-0410-4ea8-8'),
('3507100010007B', '2bf94517-1779-40d9-a'),
('3507310004001B', '2c35a6c8-3f49-4b56-a'),
('3507310004006B', '2c906170-f452-4615-a'),
('3507310004007B', '2dabd174-efac-4e5f-b'),
('3507310004002B', '2ecc9ab0-81e8-4865-8'),
('3507310005012B', '2f6c776b-4b95-467d-b'),
('3507310009012B', '2f98e193-5691-46cd-b'),
('3507310008015B', '2fc06714-216a-431a-9'),
('3507100013003B', '2feccf5b-724f-4cc2-a'),
('3507100016006B', '306f1f43-2610-4294-9'),
('3507040001025B', '30d921b8-df55-4f50-9'),
('3507310005008B', '30f1f1b7-de35-42c8-8'),
('3507100016006B', '31048789-1352-4ebc-a'),
('3507310004020B', '31436fbd-06ad-4d6c-8'),
('3507040005008B', '316c0645-9e1d-441d-8'),
('3507310006014B', '31be1dcb-1a2c-42dc-9'),
('3507310005018B', '3294c218-1d9c-4c90-a'),
('3507310006016B', '33ce34a5-709d-46ec-8'),
('3507310004007B', '341b1912-9678-40fd-8'),
('3507310005009B', '34e7bc04-165b-41c2-b'),
('3507310004026B', '35735023-6ba2-4ecb-b'),
('3507040003001B', '35984416-db4e-4dbd-8'),
('3507310008015B', '35aff70f-1f00-4da2-b'),
('3507100011006B', '361799ee-ec9f-4be9-9'),
('3507310004021B', '3658d486-54bf-4248-9'),
('3507310005019B', '3671d775-2f07-46b2-9'),
('3507310004002B', '37651f5c-c2a8-496e-8'),
('3507100016006B', '376c7552-4b78-473b-b'),
('3507310009012B', '37c70d52-e304-46d1-a'),
('3507100011001B', '388abafe-fc43-4502-9'),
('3507310004020B', '38e8d4ac-f15e-4448-a'),
('3507040005030B', '38f1dbc5-6ed2-472b-9'),
('3507310006004B', '3912fd18-dbe4-4944-8'),
('3507040008011B', '39189eea-9b26-4dd1-9'),
('3507100016004B', '39747e4c-16e9-48c8-a'),
('3507310003011B', '39c69f99-c60d-4de7-a'),
('3507100010022B', '39e2aa6a-ea93-46ab-b'),
('3507040003017B', '39fcd6c0-f3ac-423e-a'),
('3507310006023B', '3a046e97-be04-41b4-a'),
('3507100007003B', '3a3a5eb8-3252-4ecb-8'),
('3507100016012B', '3a4a480a-f55a-43b3-9'),
('3507310005011B', '3aa9d114-b5c9-4f77-a'),
('3507100005010B', '3ad75a05-988a-4b08-9'),
('3507040003001B', '3b41fdb9-5cfb-48bf-8'),
('3507100010028B', '3ba4c17e-bb1e-4f1f-8'),
('3507100016004B', '3c1af333-0898-45ee-a'),
('3507100016012B', '3c8f14f3-a6c2-49a1-8'),
('3507040003019B', '3cc5df82-663d-4ccb-a'),
('3507310006011B', '3e7bd1dc-6d26-49d5-9'),
('3507040001027B', '3e87b026-a613-4571-b'),
('3507310004016B', '3e9c02b2-13a7-4fa5-8'),
('3507310005003B', '3ecf5a9f-28d9-4dd2-8'),
('3507100010014B', '3f109684-77d7-448c-a'),
('3507040009019B', '3f3a83d1-5f1d-4bab-b'),
('3507100015010B', '3f95579b-5c2c-4fb6-b'),
('3507100007008B', '3fcb7a36-6668-4f13-9'),
('3507310004016B', '40b8c2af-8b75-40a0-b'),
('3507100011001B', '422ed9c8-e9b6-450c-a'),
('3507040001013B', '4383455b-0d2e-4bcb-9'),
('3507310002010B', '447c35d6-647a-4b6a-9'),
('3507310005018B', '44baee4e-c8d0-4054-8'),
('3507310004002B', '45807247-5e99-45a5-8'),
('3507100013003B', '458c9e07-7f16-4d56-a'),
('3507100014017B', '45d7f21e-540c-437d-8'),
('3507040008022B', '46933114-638e-4cfb-b'),
('3507040009015B', '46ca59b7-4918-49eb-8'),
('3507310004006B', '47439631-9b37-49ab-8'),
('3507310005011B', '4761aeb5-c749-4e0f-9'),
('3507310006014B', '47c89a47-ad98-4a73-9'),
('3507100011008B', '47e19f8e-4334-43f2-b'),
('3507100011020B', '4815ea72-7e2d-47c1-b'),
('3507310004021B', '4835bb18-72bc-4ad1-8'),
('3507310005009B', '485ecd84-2888-47b6-a'),
('3507310006024B', '4888edbc-dae8-421a-b'),
('3507100015013B', '48b08f20-331d-43f0-8'),
('3507310005003B', '48e8ffb5-b855-4656-8'),
('3507310005011B', '48fa741b-91af-40f5-a'),
('3507100016004B', '493af8ff-9565-487d-8'),
('3507310005009B', '49a20820-c962-4cad-8'),
('3507310004016B', '49a5ffe3-5cb2-401e-8'),
('3507040005008B', '49bd6cc4-7e10-47a2-b'),
('3507310005003B', '4a138ac5-66c0-47e8-a'),
('3507100007011B', '4a67e31b-9a3c-4e6b-b'),
('3507310004020B', '4a7d23c4-9253-45c6-8'),
('3507310004007B', '4aa9b6cf-38df-48fa-9'),
('3507040005041B', '4ab00d24-9324-4c8d-b'),
('3507100016004B', '4ae90930-b936-46a6-b'),
('3507310003011B', '4b3e9856-e20d-4f42-8'),
('3507100016004B', '4b62ef40-1f6b-4cfc-9'),
('3507310004026B', '4c14a072-daa1-4d74-a'),
('3507310004015B', '4cd64977-7623-4bd7-8'),
('3507310006016B', '4d021f60-cdd6-440b-a'),
('3507310006011B', '4d71ad45-b24c-41f7-8'),
('3507040005008B', '4dcb5602-5b75-4483-a'),
('3507040005008B', '4df01105-4b7e-444c-9'),
('3507100014021B', '4e2ab608-f6cf-4f57-8'),
('3507040005037B', '4e6ea6ca-9400-4344-9'),
('3507310005019B', '4ef9b8e6-50d8-44e6-a'),
('3507310005008B', '4f09f219-701f-4c0b-8'),
('3507310006024B', '4f87951c-234e-4f76-9'),
('3507310004006B', '4fb3b3da-0816-4165-9'),
('3507310004005B', '4fb8d3e9-0ce7-42a6-9'),
('3507040003001B', '4fed808f-2eb0-447b-9'),
('3507310005008B', '506e25b1-10b2-4e88-a'),
('3507310006024B', '508c256c-0bbf-417a-b'),
('3507040003001B', '51fa82eb-659f-40da-b'),
('3507040003001B', '5216cbfb-c9c6-40f3-b'),
('3507310004002B', '524f3775-3cdd-4f9e-8'),
('3507100016012B', '52a23886-6d6d-4eec-a'),
('3507040002011B', '52f84cf3-2efa-4044-b'),
('3507040001025B', '5344a3d5-4292-48bc-8'),
('3507310005019B', '5386490b-178b-4d15-b'),
('3507310004021B', '5388de6c-be91-4917-b'),
('3507100016004B', '53ab42e6-7495-4496-a'),
('3507310004028B', '53ccdfa1-8841-4e5b-a'),
('3507310005007B', '53ea627f-945f-4483-8'),
('3507310004016B', '53ebbaab-6545-481a-9'),
('3507040005007B', '547a30f0-5702-421c-9'),
('3507100016006B', '561bf40a-553e-4820-8'),
('3507310009012B', '5623f048-e31d-4d43-b'),
('3507100010002B', '5658fb6d-57bf-4798-8'),
('3507100010028B', '565ab7dd-8c0e-4de2-b'),
('3507310004002B', '56b45639-e4dd-4e44-8'),
('3507310004015B', '56d78854-47b1-43e8-b'),
('3507040003017B', '57b19d20-65a8-448d-a'),
('3507100007008B', '580e0f91-542b-4543-8'),
('3507310004007B', '584b581f-9ae8-48c3-a'),
('3507310005007B', '5a538c21-6776-492b-a'),
('3507100016006B', '5aa2b2a7-b03e-445a-8'),
('3507100016012B', '5ac0dad0-7aff-4a7a-8'),
('3507310006011B', '5bc92347-0fb0-4724-a'),
('3507310004026B', '5c110aa5-3786-4c7c-b'),
('3507310009006B', '5c8f242b-6435-4607-8'),
('3507310009012B', '5ca36d46-83d9-4ce7-8'),
('3507310006014B', '5ca66ebf-e482-49a9-8'),
('3507310004002B', '5cac13c2-16e9-49b1-a'),
('3507310008015B', '5cf574dd-8c97-40f5-9'),
('3507100016012B', '5d55993c-4719-4e80-8'),
('3507310005008B', '5da2596d-13f2-45ce-9'),
('3507310005012B', '5dc47a2b-3d76-4ffb-b'),
('3507100016006B', '5f5768e6-9e00-46a8-b'),
('3507310004017B', '5f732e30-b1e7-4d80-a'),
('3507040008023B', '5fcf9004-f5f6-43b2-9'),
('3507310004020B', '5fd87ce8-6f9e-4694-9'),
('3507040001013B', '60d5932d-2c14-44c6-a'),
('3507100015010B', '61119a13-5f8a-4e25-b'),
('3507310004005B', '62689674-5224-40ff-9'),
('3507040009017B', '62a7964c-5edb-4977-b'),
('3507310006001B', '631f3ca6-679f-486b-a'),
('3507040005008B', '634bb09c-ce67-4388-a'),
('3507100015013B', '646d65b9-331c-489e-9'),
('3507310006011B', '64892818-aa6f-4eca-9'),
('3507310004016B', '64ecaa78-3c3d-425d-8'),
('3507040005007B', '6503a74a-142a-4cf2-b'),
('3507310004007B', '6515d655-224e-4c86-a'),
('3507310006023B', '6581a95b-66dc-4565-b'),
('3507100016006B', '6585460f-36e6-4a69-b'),
('3507040003001B', '65b11d89-c9df-4871-a'),
('3507310009006B', '65bd2a2c-8608-40b9-8'),
('3507100016006B', '65f14332-6efd-4b36-a'),
('3507100011006B', '65ffdcb4-ce25-44f6-9'),
('3507100011003B', '66c9691b-593d-4868-9'),
('3507100011006B', '66ec61ef-998b-4dca-9'),
('3507310004005B', '67144d92-114b-4196-8'),
('3507100007008B', '6731c82c-0834-423f-8'),
('3507100005010B', '67b331ac-e7c5-45d9-b'),
('3507100014021B', '6870839d-bde2-43a5-a'),
('3507310005003B', '688447f0-b082-4cc4-a'),
('3507310005018B', '68f61b9e-83ab-4e31-8'),
('3507310005017B', '69039e3f-6ea0-4ec6-a'),
('3507100015013B', '693a3e8e-458c-4d1a-8'),
('3507310006023B', '69511c39-5d07-4196-a'),
('3507040009019B', '6afba181-1bb8-4413-a'),
('3507100012023B', '6b02c905-18c9-4e69-b'),
('3507040007014B', '6ba86a6a-7f7e-4abd-9'),
('3507310005003B', '6d4804d9-625c-4344-b'),
('3507040008022B', '6daa4916-e709-44e9-b'),
('3507100012023B', '6e99cbf2-15a4-442b-b'),
('3507040001023B', '6ef18f75-77c2-46e9-8'),
('3507310005018B', '6f636c15-67ef-4dab-8'),
('3507310004017B', '6fc368d5-7a35-4dbc-9'),
('3507100012009B', '70127a2c-9c0d-4047-b'),
('3507100005007B', '701ff2cc-6baa-445a-8'),
('3507310004017B', '706e8158-74ad-4515-a'),
('3507310006001B', '70935978-c9bb-4940-9'),
('3507310004021B', '70b8bda8-d549-4d03-b'),
('3507310005011B', '710bc809-b796-4fb2-b'),
('3507040001027B', '711bbfe5-342c-4d0d-a'),
('3507310005019B', '71215c69-6bb6-4cf0-8'),
('3507310004007B', '71b27bf7-d6d6-48d7-a'),
('3507310006011B', '722ccff6-9cfc-420e-b'),
('3507310005018B', '735321a3-72a6-467d-b'),
('3507310003011B', '73ee2567-0a7f-49a2-8'),
('3507100011008B', '74607f8f-f543-482d-a'),
('3507310004015B', '747814f0-564d-42d5-a'),
('3507310005007B', '74bbe548-ea6a-4009-a'),
('3507040005008B', '75484b33-d6cc-4310-9'),
('3507310005017B', '75eec218-15c9-4254-b'),
('3507310006016B', '764e7bd7-a009-40c6-9'),
('3507310006023B', '7691ec07-ef73-4cf1-8'),
('3507310005007B', '76f22859-3b60-4c69-b'),
('3507100007014B', '77442847-73d6-4064-a'),
('3507310004002B', '77a676b0-2ddc-4ac1-9'),
('3507100015013B', '77fd3893-e865-4d81-a'),
('3507310004017B', '7828c590-add1-4433-b'),
('3507310004021B', '786fe9cd-f3a1-43d6-a'),
('3507100014009B', '789ba5b1-a965-4b6f-9'),
('3507310006023B', '78d4948c-a722-4d93-b'),
('3507310004002B', '792d0349-8440-4d41-8'),
('3507310005017B', '7951becd-c93c-4100-9'),
('3507310008013B', '79f3f465-8460-498a-b'),
('3507310005019B', '7a1fbb2e-5106-4700-9'),
('3507100007008B', '7a5c4366-8f7f-47f4-b'),
('3507100016004B', '7a7468cf-9847-4986-b'),
('3507310006005B', '7ac6a029-e986-4b23-b'),
('3507310004006B', '7b5791ac-70ee-4469-9'),
('3507310009008B', '7b6cd949-f459-45bb-9'),
('3507310005008B', '7bfb7913-bb97-494c-b'),
('3507100003015B', '7c0f0184-7645-42ea-a'),
('3507310006023B', '7c4a6a2d-361f-4c66-9'),
('3507310004006B', '7c721734-adb3-4bee-a'),
('3507100012023B', '7c840ec9-e5c9-44f0-9'),
('3507100014017B', '7cd41dc8-c0ad-4b8f-9'),
('3507310005007B', '7d6da0c0-1e33-4bac-8'),
('3507310004017B', '7dbc8313-fa1b-440b-b'),
('3507310005019B', '7dc4b74d-fa7c-4b92-b'),
('3507310005003B', '7dcf3358-bf72-47a6-9'),
('3507310004016B', '7dd78414-136d-423a-b'),
('3507310008013B', '7e468290-6f1f-4808-9'),
('3507310004017B', '7f2371aa-2f6c-445e-a'),
('3507040001027B', '7f24bff2-d6fb-4e85-b'),
('3507310005017B', '7f4317de-ab23-44e1-a'),
('3507310005019B', '7f477f88-e2e0-46bd-8'),
('3507310004005B', '7f8a36c5-ea21-422a-b'),
('3507100016006B', '7fd889b6-809e-4a77-8'),
('3507100012018B', '80048ec8-0659-4f80-8'),
('3507310006016B', '80d31c3e-d9ed-4f6d-9'),
('3507310006014B', '81c92a43-29c8-49ed-a'),
('3507310008015B', '81ddd5d6-3532-4aba-a'),
('3507310004015B', '82840c63-4b20-4a1b-b'),
('3507100014021B', '8284b850-1300-4779-b'),
('3507100016004B', '82c7f1ad-6187-4a09-8'),
('3507100010007B', '83a09cd2-4ec6-4087-8'),
('3507310005009B', '83aa4bc5-fb40-4f78-b'),
('3507310009008B', '8439cb04-3832-4c7f-b'),
('3507310005019B', '84695671-11d1-42cf-9'),
('3507100012018B', '846a6e4c-995e-4da0-8'),
('3507310009021B', '84a0b884-f93c-4748-8'),
('3507310005019B', '84ac1fd4-b004-48b0-9'),
('3507310005018B', '84c993cd-2eeb-4e1f-9'),
('3507100010016B', '851a0a86-57ab-4d1c-b'),
('3507040008023B', '85649830-4bd1-44f7-a'),
('3507040003019B', '85a5c8b0-69a6-4034-a'),
('3507100016012B', '85b7fb90-e925-40fa-9'),
('3507100007009B', '85cfe73e-1b95-47a9-8'),
('3507040003001B', '864a06f3-8171-4d75-9'),
('3507040001027B', '86a44cb8-16eb-41e7-a'),
('3507310009021B', '86ba1b8e-d463-41b0-b'),
('3507310004005B', '872184a4-ff98-41d2-9'),
('3507310004005B', '87437e09-eb2f-46d1-9'),
('3507040003001B', '87613b50-ead3-4b43-8'),
('3507100012023B', '87c408af-a7f8-45d5-a'),
('3507040001027B', '87e3d9c4-9586-46ab-a'),
('3507100012023B', '87ea2c00-bf07-4fd5-8'),
('3507100012023B', '87eb9115-80f9-4069-9'),
('3507310004005B', '88170174-cfb9-41bf-9'),
('3507310004007B', '886bd36f-cdcc-48ce-b'),
('3507310005008B', '8896069c-d12d-47d7-a'),
('3507310006023B', '88d52bec-191c-45f8-9'),
('3507040003001B', '88f6ced4-daae-4eab-9'),
('3507310005019B', '896d0754-dc73-4efb-a'),
('3507310004026B', '89bdf6fc-bc3f-4ae8-b'),
('3507040005005B', '89be8d01-8e5e-40b0-a'),
('3507310004001B', '89ec1762-fd83-4c20-a'),
('3507310004015B', '89febd0c-521c-4528-8'),
('3507310005018B', '8a10e10a-9dc8-49f8-a'),
('3507100015010B', '8a34848e-f809-4c69-a'),
('3507100015013B', '8c068337-af4a-4a67-8'),
('3507310004021B', '8cf4ffe2-9727-4605-8'),
('3507310005017B', '8e476a8d-9d77-472d-a'),
('3507310005007B', '8ec86db1-8f25-45fc-b'),
('3507310004021B', '8f905514-67c0-462f-a'),
('3507310004028B', '9012e524-c0b9-483e-8'),
('3507310004017B', '90729240-cf94-48d7-b'),
('3507100007004B', '91428f1d-eabf-46e6-b'),
('3507100015013B', '91d2268f-0361-4f9c-b'),
('3507310005017B', '91fb1268-3cdc-436d-b'),
('3507310005011B', '92316d00-dd40-4d62-9'),
('3507310004006B', '923ac00d-b4f7-4547-8'),
('3507310003011B', '928b579c-8658-4ce0-a'),
('3507100012019B', '92930a6c-b4ef-474d-8'),
('3507040005041B', '92d8cb53-50c2-41a4-9'),
('3507310006014B', '92eeaea1-deef-4652-9'),
('3507310005017B', '931d3d89-3b40-44b0-b'),
('3507100012018B', '93a72d7f-f370-4458-9'),
('3507100007008B', '93e03d7f-e186-4158-b'),
('3507310004002B', '942c5c0e-f9da-472f-a'),
('3507040003017B', '94b54be7-dc92-4669-8'),
('3507310003011B', '94c7f8e7-4b83-41f8-a'),
('3507310006001B', '94c88292-7db8-4df2-b'),
('3507310004016B', '952b950e-bf0e-472d-b'),
('3507040003001B', '95b09f22-0cd8-433b-b'),
('3507310004006B', '95c264df-1792-4456-8'),
('3507100015013B', '96b8af80-bc44-4566-b'),
('3507310004020B', '96cff508-fcbf-41f4-a'),
('3507040003017B', '975c9fbd-f87b-4b66-a'),
('3507100015013B', '97e7abef-1096-426a-8'),
('3507100012019B', '98d1ad80-3f23-4a41-a'),
('3507310005018B', '98f9c2ba-4eab-4b60-9'),
('3507100016012B', '99bb59b7-20d4-4c06-9'),
('3507310005007B', '99f3f382-9a92-4817-8'),
('3507310004016B', '9a2b3703-2a6f-4004-9'),
('3507310004026B', '9a797325-777c-406e-9'),
('3507040005007B', '9aba1ab6-2911-4452-8'),
('3507040008022B', '9afcce74-674e-4a25-b'),
('3507040005008B', '9b73410a-7d18-4e79-9'),
('3507310008015B', '9bc1d688-038f-43c6-9'),
('3507310004021B', '9bec27c7-9207-4a2b-b'),
('3507310006016B', '9d518410-254d-440b-8'),
('3507310009008B', '9d54f956-b45e-4da9-8'),
('3507100014021B', '9e100dc5-70bb-424b-b'),
('3507310004007B', '9e29869d-2431-4727-a'),
('3507100016004B', '9e4d1587-2046-4030-9'),
('3507100014009B', '9f3f0ee0-f78f-4a6c-9'),
('3507040005028B', '9f417d72-4cc2-4a05-8'),
('3507310006016B', '9f5febdf-4f88-4350-b'),
('3507310005018B', '9ffe3fe1-8a6b-4662-a'),
('3507100012023B', 'a0be6ed8-f0ad-429b-9'),
('3507310005003B', 'a0d03205-1cee-4ecd-9'),
('3507040005015B', 'a0d6fc41-c7c2-4e45-8'),
('3507310006024B', 'a12ff17a-93ee-4059-b'),
('3507310006014B', 'a157c57e-85ff-42e7-8'),
('3507310005009B', 'a178a543-7b64-4147-a'),
('3507100012007B', 'a189ec36-cb15-4f1e-8'),
('3507310002010B', 'a18c4074-39c9-4017-b'),
('3507100015013B', 'a280952d-aea2-4ab0-9'),
('3507100015013B', 'a395a8c1-df4c-4d0f-8'),
('3507310006016B', 'a3a6e65e-3f74-4b36-8'),
('3507310004016B', 'a409a418-1738-4e7c-a'),
('3507310006001B', 'a4b32878-0562-4a6d-b'),
('3507100007009B', 'a4d3a113-1d5a-41da-b'),
('3507310004021B', 'a4ec8bfb-1477-4663-a'),
('3507310006023B', 'a55d2259-01da-41f6-a'),
('3507310004007B', 'a58efe39-07f4-45f1-8'),
('3507310006023B', 'a5ce160d-ab95-4daf-8'),
('3507310006001B', 'a6c9185f-a55c-4d63-9'),
('3507040009017B', 'a6f90df5-e936-484d-a'),
('3507310006016B', 'a6fd3050-4098-491c-b'),
('3507040005008B', 'a73b7b7b-e552-4d32-a'),
('3507310004020B', 'a78be961-964e-4c99-9'),
('3507100014009B', 'a7c9fa69-895c-4aae-8'),
('3507310004016B', 'a8456189-7347-4dd6-9'),
('3507040005037B', 'a85c9418-d477-4ba5-8'),
('3507100007008B', 'a86fdd13-9610-4a0d-8'),
('3507310006011B', 'a8d941ef-bfc0-4718-a'),
('3507310005018B', 'a98b976b-0d5b-4563-a'),
('3507310006011B', 'aa0e7ddc-e856-4563-b'),
('3507310005017B', 'aa6e3a0e-8e25-4a45-b'),
('3507100007009B', 'aa97d9b7-d18a-4bd4-8'),
('3507100014009B', 'aad00cdb-9525-4f33-b'),
('3507310005003B', 'ab119952-1c24-4108-9'),
('3507310005018B', 'ab6fd301-9fe4-4460-9'),
('3507040005007B', 'ac365701-f55e-4048-a'),
('3507100014009B', 'ac712bb3-bb53-46b5-8'),
('3507310004020B', 'aed828cc-1b02-4838-a'),
('3507100016006B', 'af65689d-1a48-4fa8-8'),
('3507310004017B', 'af7333f1-6f89-49d4-9'),
('3507100007011B', 'af75d639-32de-4705-8'),
('3507040005008B', 'aff3d485-076b-47d9-8'),
('3507310009021B', 'b079f869-6eec-4845-a'),
('3507310004021B', 'b0976f33-fa3c-43b3-b'),
('3507310004002B', 'b107f083-fc71-4ec4-a'),
('3507100016006B', 'b1dad357-0d5e-4bc4-8'),
('3507310004015B', 'b1f1dcb2-092b-417a-9'),
('3507100016012B', 'b26958be-4fcb-4d17-8'),
('3507100007014B', 'b32b7a68-0768-4e75-b'),
('3507310006001B', 'b33f5ca2-1c09-4eb4-8'),
('3507310004005B', 'b3fb7d2b-5540-447b-8'),
('3507100016004B', 'b435f0e0-c202-4e58-9'),
('3507310009008B', 'b4b0442a-5830-4c74-a'),
('3507040003017B', 'b5508fe6-9cef-4a73-a'),
('3507310006023B', 'b6569c71-f146-4dc5-a'),
('3507310005007B', 'b6c98a49-6ef8-47c4-b'),
('3507100015010B', 'b75fa944-1f13-4424-8'),
('3507310006001B', 'b8b8a68a-2c58-4342-b'),
('3507310005007B', 'b92032f5-89a3-44d9-a'),
('3507310006004B', 'b976f55a-78e6-4b5e-a'),
('3507310005017B', 'bad39edd-aba7-4b19-a'),
('3507100012007B', 'bade70aa-d647-4586-9'),
('3507310005011B', 'bae23f6b-ce62-4922-9'),
('3507310004021B', 'bae26108-6c9f-4a98-b'),
('3507100006019B', 'bb8437e0-7a84-47aa-b'),
('3507310009006B', 'bbb2b13a-c711-473c-a'),
('3507100007011B', 'bbfc0f4d-bd7b-4230-a'),
('3507310004026B', 'bc71be2e-4514-4cc4-8'),
('3507310004017B', 'bccd8728-758b-41b9-9'),
('3507310005007B', 'bd3764b5-95bd-4d07-b'),
('3507310004016B', 'bde9b138-1810-407e-8'),
('3507310005011B', 'be91fb12-526a-4d16-a'),
('3507310004017B', 'be9a8e47-879c-4bbf-8'),
('3507100007003B', 'be9d5d0d-141b-4b26-a'),
('3507310004026B', 'bed9c5b4-4623-43a6-b'),
('3507100007009B', 'bf058ba8-732e-4af5-8'),
('3507100012019B', 'bf67c7d0-75f2-4c01-8'),
('3507310005011B', 'bf6d6ac8-0bb4-4086-8'),
('3507310004028B', 'bfa2d6e3-458d-4f73-9'),
('3507310005011B', 'bfdcc59a-ba44-4f7c-a'),
('3507100014017B', 'bff38f45-bf18-4928-8'),
('3507310004016B', 'c00354a3-b9b7-4015-8'),
('3507100016012B', 'c06b9603-252a-44d6-b'),
('3507310004015B', 'c071bc07-7d29-4942-b'),
('3507310009008B', 'c07895ca-859e-41c9-8'),
('3507040002011B', 'c08860cc-963d-41df-9'),
('3507100012007B', 'c0c31f63-99d1-4164-b'),
('3507100012023B', 'c0c8fd27-072f-49a7-b'),
('3507100010015B', 'c1395514-6357-4c7b-b'),
('3507310004005B', 'c16f03b7-5756-4796-b'),
('3507100016006B', 'c18f51ae-d1d8-405e-b'),
('3507310006004B', 'c19606f3-0705-41df-b'),
('3507310004020B', 'c1bba76e-f8b3-4641-b'),
('3507310005018B', 'c1bc83cd-4bfc-42d9-b'),
('3507310004026B', 'c1c7a81b-964e-48ab-b'),
('3507310004028B', 'c1d6bfb7-62c1-4dd1-b'),
('3507310004015B', 'c260f33e-fe2c-4fd9-8'),
('3507310005008B', 'c2a7faab-f9e4-4859-b'),
('3507100003002B', 'c2e38839-6d87-4f76-9'),
('3507310004001B', 'c2ed51ab-ec1c-4079-8'),
('3507100012005B', 'c31f3995-21bf-4485-b'),
('3507100011010B', 'c3be9f2b-c167-47e6-b'),
('3507310006001B', 'c5b45c5f-bbf9-4aee-9'),
('3507310004020B', 'c613703c-0381-4bb7-9'),
('3507040003001B', 'c780798f-ec04-42a4-b'),
('3507310004005B', 'c7e92cf0-ceaf-47ed-b'),
('3507310004020B', 'c8769832-ae77-4c3c-9'),
('3507310004007B', 'ca490920-eef2-4e0d-9'),
('3507310006014B', 'ca5106be-55db-43a4-8'),
('3507040002011B', 'cb3ece5b-8f5c-497b-8'),
('3507310008013B', 'cb707a3c-c1e9-4937-9'),
('3507310009012B', 'cbdcf790-3445-4238-8'),
('3507100014021B', 'cbee6f30-84f1-419f-a'),
('3507040005007B', 'cc0afd4a-495a-4cae-9'),
('3507310004015B', 'cc13bbfc-da8a-4393-a'),
('3507100006002B', 'cc21aead-f854-48d7-a'),
('3507040003001B', 'cc24a8fc-e0cf-44e7-a'),
('3507100016004B', 'cca838e1-6407-4d4e-b'),
('3507100011013B', 'ccb9bca8-0721-4c0c-8'),
('3507310003011B', 'ccf15f32-31ed-44e6-9'),
('3507100011006B', 'cd10742b-2229-4ec9-b'),
('3507310005011B', 'cdebb5dd-8cb0-40a4-a'),
('3507310005019B', 'ce555c4a-9292-4aa0-9'),
('3507310006023B', 'ce82c8e2-f39a-40ac-9'),
('3507310005019B', 'ceb8a457-b10b-447f-b'),
('3507100012007B', 'cedca2cb-d5ec-4f20-9'),
('3507310004005B', 'cefed2e1-8d5a-4b56-b'),
('3507100012019B', 'cf405779-871e-4374-8'),
('3507310005017B', 'cf7c4f0d-7568-41a7-8'),
('3507310006011B', 'd05b9878-c96d-4711-8'),
('3507310005012B', 'd07a0959-eedb-4d6a-a'),
('3507310005008B', 'd0a5ca1c-b8fe-48a6-8'),
('3507040009019B', 'd1811257-89fb-4a6d-b'),
('3507310004016B', 'd19e9844-f4bc-458e-9'),
('3507310009006B', 'd1d3d34f-1d68-4214-9'),
('3507310009008B', 'd2835da1-2b8f-4b88-a'),
('3507310004015B', 'd2fcc7f0-2344-4abd-b'),
('3507310004020B', 'd327d049-a555-42f6-a'),
('3507310004017B', 'd360fa60-c82a-4339-8'),
('3507310006024B', 'd3adc879-1545-46a9-8'),
('3507310002010B', 'd3dcddc3-8887-4f91-b'),
('3507100012007B', 'd4a36f50-4e50-4851-a'),
('3507310006024B', 'd4b2b24d-fab9-44b5-b'),
('3507100011013B', 'd533fd40-b7f0-4ea5-8'),
('3507100006002B', 'd5424f2d-d3c0-44fb-9'),
('3507310006001B', 'd5e9ade2-ef46-42f6-9'),
('3507310002018B', 'd5ee74be-2bb2-4789-8'),
('3507100016012B', 'd6a56532-9ba5-4c35-9'),
('3507310006001B', 'd6c5a512-dabf-4953-9'),
('3507310003011B', 'd7245fdf-7780-49a8-8'),
('3507100016004B', 'd7645559-1fc1-437d-a'),
('3507100013003B', 'd822d139-f04a-41aa-b'),
('3507310006011B', 'd862b1ec-6dfa-48f6-9'),
('3507040005007B', 'd93f3f5f-d4dd-4ee5-9'),
('3507100016006B', 'da1dd2a9-0d5c-4364-b'),
('3507100011003B', 'da2950e3-7cac-4e8e-9'),
('3507310004005B', 'da40beef-ea4b-4935-a'),
('3507310005012B', 'da6d0a18-0e0d-4727-8'),
('3507040001013B', 'da6e2a9b-5d51-4c04-8'),
('3507310008015B', 'daf0897a-62af-43e2-8'),
('3507310009006B', 'db34ff2f-da60-447b-a'),
('3507100010002B', 'dc08ac24-2baf-495b-8'),
('3507310005003B', 'dc18f723-9396-4381-a'),
('3507100011003B', 'dc32c3a3-c1b4-4d7c-9'),
('3507100016012B', 'dc547e1b-e750-4f78-9'),
('3507310004002B', 'dcf52712-6a70-4407-a'),
('3507310008015B', 'de0eb83a-ac0e-4551-b'),
('3507100014011B', 'de48529f-98f6-4e78-b'),
('3507100012009B', 'de5b1519-60a7-41f8-b'),
('3507310004006B', 'de5fe0d2-29ad-4bec-8'),
('3507310009021B', 'de99add8-10dd-4c40-b'),
('3507310004015B', 'df23f4e6-bf11-4814-8'),
('3507040005008B', 'e000dcdf-c5fd-40d2-b'),
('3507040005030B', 'e067d57b-fcf0-45bd-9'),
('3507310009021B', 'e07c30d7-7200-4007-8'),
('3507310006014B', 'e0956e1a-85ff-47d5-8'),
('3507310006001B', 'e0bbd077-45d6-4a46-a'),
('3507100010012B', 'e1c3a766-5352-4bdb-b'),
('3507310004017B', 'e290980e-910c-4e23-8'),
('3507040008022B', 'e2e11854-7925-49b8-8'),
('3507310005007B', 'e335241f-97bf-48e3-b'),
('3507310005011B', 'e4ca8b4e-7013-4d7f-a'),
('3507310005009B', 'e5723d1b-6361-4104-a'),
('3507310006023B', 'e5907f5e-05dd-4a02-a'),
('3507310004005B', 'e5af41f0-e54c-4c7a-b'),
('3507310004006B', 'e5dc6cc0-5257-48e7-9'),
('3507100003015B', 'e60f264d-b76c-4fd5-a'),
('3507310005011B', 'e658c576-23d7-4c04-8'),
('3507040005008B', 'e71517d3-4b7b-4759-8'),
('3507310004016B', 'e72772f0-6c2d-4537-a'),
('3507040005008B', 'e80f57a9-267e-404e-a'),
('3507310006023B', 'e814f9a6-7b85-4220-a'),
('3507310009021B', 'e951527f-2abc-439e-9'),
('3507040001027B', 'e95cd167-96c8-44e9-8'),
('3507100016006B', 'e9692e5c-ea62-4f1b-b'),
('3507310003011B', 'eacd4823-46d4-434c-b'),
('3507310008013B', 'ead341e4-32d4-4bb5-8'),
('3507100012018B', 'eadd48c3-d773-4abe-a'),
('3507310005007B', 'eb0d2cb0-07a0-4c87-9'),
('3507310003011B', 'eb365f8b-0e98-4b51-9'),
('3507310004016B', 'ebefc998-bf38-4122-b'),
('3507310005017B', 'ec0b4dca-1825-4602-8'),
('3507310008015B', 'ec2405e6-ebf5-499c-a'),
('3507310006011B', 'ed47c83d-b64c-46cc-9'),
('3507310004017B', 'ed81cf03-82c8-413b-a'),
('3507310006024B', 'edcd9d8f-2741-480b-a'),
('3507310005019B', 'ee4be994-b353-4b81-9'),
('3507310005019B', 'ee7de57e-09d9-4272-a'),
('3507310003011B', 'eebe7a21-2935-45c7-9'),
('3507100014017B', 'eee1e2a4-4670-4d12-8'),
('3507310005007B', 'ef013315-b754-4f19-9'),
('3507100016004B', 'ef353de5-d980-4170-9'),
('3507100007008B', 'ef3f4af7-4a7a-45d1-a'),
('3507040008011B', 'ef576fc5-8b66-4d68-b'),
('3507040002011B', 'ef8e5764-fd26-4cd5-8'),
('3507310004007B', 'efad1078-8411-4086-b'),
('3507310004006B', 'f038bc6d-1a33-4e66-8'),
('3507100012019B', 'f09a71b5-d3c1-4ce6-9'),
('3507310003011B', 'f0fcdb24-517b-42ba-a'),
('3507040009015B', 'f11427cb-1155-4b21-a'),
('3507040005007B', 'f159ed90-d4a5-4395-8'),
('3507310006014B', 'f1906416-352a-455a-9'),
('3507310005008B', 'f1af243d-45c0-40ca-b'),
('3507100014021B', 'f1c4d312-1f21-4b42-a'),
('3507310003011B', 'f1e6e36a-ceb0-43c8-9'),
('3507310006011B', 'f3130b77-ef34-44ed-9'),
('3507310008013B', 'f3c776ee-03be-4593-9'),
('3507100016004B', 'f3e7448c-2da0-47af-9'),
('3507310004026B', 'f415c02d-d069-4aa2-b'),
('3507310004006B', 'f45d7d6a-6229-41bc-b'),
('3507310004020B', 'f4630462-2b3e-47a5-9'),
('3507040003001B', 'f51dc7fe-d160-4b6e-b'),
('3507100011006B', 'f51edf09-ab67-4944-9'),
('3507310004001B', 'f523e3b3-7672-4e74-8'),
('3507310006023B', 'f5327b37-4613-4fd6-9'),
('3507310006011B', 'f5d85e87-299e-4281-8'),
('3507310005012B', 'f67ab917-c395-40fb-a'),
('3507100012023B', 'f6a362ea-d034-4b01-9'),
('3507310006016B', 'f7aceeba-bd83-4ef0-a'),
('3507100012018B', 'f7c940b5-548f-40d3-a'),
('3507100003015B', 'f7f65fec-ab0a-4045-b'),
('3507310004006B', 'f8dea1c6-cd9e-4af1-a'),
('3507310002010B', 'f8ed6328-0203-46fb-a'),
('3507310004002B', 'f8ef1912-5f60-42b9-b'),
('3507100015013B', 'f97dd7c9-dd0f-4e8f-b'),
('3507310006005B', 'f98be01b-88f8-4776-9'),
('3507100014021B', 'f9d5e52d-c399-4532-a'),
('3507310009006B', 'fb078160-be5f-45e3-a'),
('3507100014009B', 'fbb9c96a-d121-45fe-8'),
('3507100010016B', 'fcfc74eb-4170-4ae4-a'),
('3507310004017B', 'fd5c2aed-6145-42cc-a'),
('3507310005018B', 'fd66ce92-85c2-4c18-a'),
('3507310006011B', 'fd6bc813-49f6-47a4-8'),
('3507310005017B', 'fd8bc392-005b-4f67-a'),
('3507310004020B', 'fd949c8f-3a1e-4ee1-8'),
('3507310006001B', 'fd9c8ae9-8dab-4925-8'),
('3507310004026B', 'fdd7a6ac-9044-4c85-8'),
('3507040008023B', 'fe2f40aa-f422-4cc1-a'),
('3507310003011B', 'fe9fb4a2-1d26-4d35-b'),
('3507310006016B', 'fea89290-0e47-4a2b-8'),
('3507100007014B', 'ff7989c0-92ca-43f3-a'),
('3507310006001B', 'ffb29494-cd85-49ba-a'),
('3507040008011B', 'fff0af92-a729-4e71-b');

-- --------------------------------------------------------

--
-- Table structure for table `data_konven`
--

CREATE TABLE `data_konven` (
  `kodebs` varchar(20) NOT NULL,
  `kab` varchar(50) NOT NULL,
  `desa` varchar(50) NOT NULL,
  `kodes` varchar(20) NOT NULL,
  `bs` varchar(20) NOT NULL,
  `jumlah` varchar(10) NOT NULL
) ENGINE=InnoDB DEFAULT CHARSET=latin1;

-- --------------------------------------------------------

--
-- Table structure for table `desa`
--

CREATE TABLE `desa` (
  `id_desa` char(10) NOT NULL,
  `kabno` char(20) NOT NULL,
  `kecno` char(20) NOT NULL,
  `desano` varchar(20) NOT NULL,
  `nama` varchar(20) NOT NULL,
  `status` varchar(50) NOT NULL DEFAULT 'listing'
) ENGINE=InnoDB DEFAULT CHARSET=latin1;

--
-- Dumping data for table `desa`
--

INSERT INTO `desa` (`id_desa`, `kabno`, `kecno`, `desano`, `nama`, `status`) VALUES
('1', '3507', '3507010', '3507010001', 'Sumberoto', 'listing'),
('10', '3507', '3507010', '3507010010', 'Purwodadi', 'listing'),
('100', '3507', '3507100', '3507100001', 'Dawuhan', 'listing'),
('101', '3507', '3507100', '3507100002', 'Sumberejo', 'listing'),
('102', '3507', '3507100', '3507100003', 'Pandansari', 'listing'),
('103', '3507', '3507100', '3507100004', 'Ngadireso', 'listing'),
('104', '3507', '3507100', '3507100005', 'Karanganyar', 'listing'),
('105', '3507', '3507100', '3507100006', 'Jambesari', 'listing'),
('106', '3507', '3507100', '3507100007', 'Pajaran', 'listing'),
('107', '3507', '3507100', '3507100008', 'Argosuko', 'listing'),
('108', '3507', '3507100', '3507100009', 'Ngebruk', 'listing'),
('109', '3507', '3507100', '3507100010', 'Karangnongko', 'listing'),
('110', '3507', '3507100', '3507100011', 'Wonomulyo', 'listing'),
('111', '3507', '3507100', '3507100013', 'Wonorejo', 'listing'),
('112', '3507', '3507100', '3507100014', 'Poncokusumo', 'listing'),
('113', '3507', '3507100', '3507100015', 'Wringinanom', 'listing'),
('114', '3507', '3507100', '3507100016', 'Gubukklakah', 'listing'),
('115', '3507', '3507100', '3507100017', 'Ngadas', 'listing'),
('2', '3507', '3507010', '3507010002', 'Purworejo', 'listing'),
('28', '3507', '3507040', '3507040001', 'Bandungrejo', 'listing'),
('29', '3507', '3507040', '3507040002', 'Sumberbening', 'listing'),
('3', '3507', '3507010', '3507010003', 'Mentaraman', 'listing'),
('30', '3507', '3507040', '3507040003', 'Srigonco', 'listing'),
('31', '3507', '3507040', '3507040004', 'Wonorejo', 'listing'),
('32', '3507', '3507040', '3507040005', 'Bantur', 'listing'),
('33', '3507', '3507040', '3507040006', 'Pringgodani', 'listing'),
('34', '3507', '3507040', '3507040007', 'Rejosari', 'listing'),
('35', '3507', '3507040', '3507040008', 'Wonokerto', 'listing'),
('36', '3507', '3507040', '3507040009', 'Rejoyoso', 'listing'),
('362', '3507', '3507310', '3507310001', 'Bendosari', 'listing'),
('363', '3507', '3507310', '3507310002', 'Sukomulyo', 'listing'),
('364', '3507', '3507310', '3507310003', 'Pujon Kidul', 'listing'),
('365', '3507', '3507310', '3507310004', 'Pandesari', 'listing'),
('366', '3507', '3507310', '3507310005', 'Pujon Lor', 'listing'),
('367', '3507', '3507310', '3507310006', 'Ngroto', 'listing'),
('368', '3507', '3507310', '3507310007', 'Ngabab', 'listing'),
('369', '3507', '3507310', '3507310008', 'Tawangsari', 'listing'),
('37', '3507', '3507040', '3507040010', 'Karangsari', 'listing'),
('370', '3507', '3507310', '3507310009', 'Madiredo', 'listing'),
('371', '3507', '3507310', '3507310010', 'Wiyurejo', 'listing'),
('38', '3507', '3507050', '3507050001', 'Tumpakrejo', 'listing'),
('39', '3507', '3507050', '3507050002', 'Sindurejo', 'listing'),
('4', '3507', '3507010', '3507010004', 'Donomulyo', 'listing'),
('40', '3507', '3507050', '3507050003', 'Gajahrejo', 'listing'),
('41', '3507', '3507050', '3507050004', 'Sidodadi', 'listing'),
('42', '3507', '3507050', '3507050005', 'Gedangan', 'listing'),
('43', '3507', '3507050', '3507050006', 'Segaran', 'listing'),
('44', '3507', '3507050', '3507050007', 'Sumberejo', 'listing'),
('45', '3507', '3507050', '3507050008', 'Girimulyo', 'listing'),
('5', '3507', '3507010', '3507010005', 'Tempursari', 'listing'),
('6', '3507', '3507010', '3507010006', 'Tlogosari', 'listing'),
('7', '3507', '3507010', '3507010007', 'Kedungsalam', 'listing'),
('8', '3507', '3507010', '3507010008', 'Banjarjo', 'listing'),
('9', '3507', '3507010', '3507010009', 'Tulungrejo', 'listing'),
('99', '3507', '3507100', '3507100012', 'Belung', 'listing');

-- --------------------------------------------------------

--
-- Table structure for table `kabupaten`
--

CREATE TABLE `kabupaten` (
  `kabno` char(10) NOT NULL,
  `nama` varchar(50) NOT NULL
) ENGINE=InnoDB DEFAULT CHARSET=latin1;

--
-- Dumping data for table `kabupaten`
--

INSERT INTO `kabupaten` (`kabno`, `nama`) VALUES
('3507', 'Malang');

-- --------------------------------------------------------

--
-- Table structure for table `kecamatan`
--

CREATE TABLE `kecamatan` (
  `kabno` char(10) NOT NULL,
  `kecno` char(10) NOT NULL,
  `nama` varchar(50) NOT NULL
) ENGINE=InnoDB DEFAULT CHARSET=latin1;

--
-- Dumping data for table `kecamatan`
--

INSERT INTO `kecamatan` (`kabno`, `kecno`, `nama`) VALUES
('3507', '3507010', 'Donomulyo'),
('3507', '3507040', 'Bantur'),
('3507', '3507050', 'Gedangan'),
('3507', '3507100', 'Poncokusumo'),
('3507', '3507310', 'Pujon');

-- --------------------------------------------------------

--
-- Table structure for table `notif`
--

CREATE TABLE `notif` (
  `unique_id_instance` varchar(50) COLLATE utf8mb4_general_ci NOT NULL,
  `nim` varchar(9) COLLATE utf8mb4_general_ci NOT NULL,
  `kortim` varchar(9) COLLATE utf8mb4_general_ci NOT NULL,
  `status_isian` varchar(10) COLLATE utf8mb4_general_ci NOT NULL,
  `status` varchar(20) COLLATE utf8mb4_general_ci NOT NULL,
  `form_id` varchar(100) COLLATE utf8mb4_general_ci NOT NULL,
  `_id` int NOT NULL,
  `UploadName` varchar(150) COLLATE utf8mb4_general_ci NOT NULL,
  `time` timestamp NOT NULL DEFAULT CURRENT_TIMESTAMP
) ENGINE=InnoDB DEFAULT CHARSET=utf8mb4 COLLATE=utf8mb4_general_ci;

-- --------------------------------------------------------

--
-- Table structure for table `rumahtangga`
--

CREATE TABLE `rumahtangga` (
  `kodeRuta` varchar(20) COLLATE utf8mb4_general_ci NOT NULL,
  `kodeBs` varchar(20) COLLATE utf8mb4_general_ci NOT NULL,
  `noSLS` varchar(10) COLLATE utf8mb4_general_ci NOT NULL,
  `bf` varchar(4) COLLATE utf8mb4_general_ci NOT NULL,
  `bs` varchar(4) COLLATE utf8mb4_general_ci NOT NULL,
  `noUrutRuta` varchar(3) COLLATE utf8mb4_general_ci NOT NULL,
  `namaKRT` varchar(255) COLLATE utf8mb4_general_ci NOT NULL,
  `alamat` varchar(255) COLLATE utf8mb4_general_ci NOT NULL,
  `jumlahART` varchar(50) COLLATE utf8mb4_general_ci NOT NULL,
  `jumlahART10` varchar(50) COLLATE utf8mb4_general_ci NOT NULL,
  `noHp` varchar(15) COLLATE utf8mb4_general_ci NOT NULL,
  `noHp2` varchar(15) COLLATE utf8mb4_general_ci DEFAULT NULL,
  `kodeEligible` varchar(50) COLLATE utf8mb4_general_ci NOT NULL,
  `latitude` double NOT NULL,
  `longitude` double NOT NULL,
  `akurasi` int NOT NULL,
  `status` varchar(50) COLLATE utf8mb4_general_ci NOT NULL,
  `time` varchar(255) COLLATE utf8mb4_general_ci NOT NULL
) ENGINE=InnoDB DEFAULT CHARSET=utf8mb4 COLLATE=utf8mb4_general_ci;

--
-- Dumping data for table `rumahtangga`
--

INSERT INTO `rumahtangga` (`kodeRuta`, `kodeBs`, `noSLS`, `bf`, `bs`, `noUrutRuta`, `namaKRT`, `alamat`, `jumlahART`, `jumlahART10`, `noHp`, `noHp2`, `kodeEligible`, `latitude`, `longitude`, `akurasi`, `status`, `time`) VALUES
('0001d1f0-bc74-4b30-9', '3507040008032B', 'S030', '013', '014', '042', 'MULIADI', 'KRAJAN, 013/003', '2', '2', '6289999999999', '', '0', -8.23096813, 112.60164412, 4, '', '24 January 2023 17:33:02'),
('00112d26-4c3c-472e-a', '3507100014021B', 'S001', '018', '018', '016', 'SUDIYONO', 'JALAN RANGKIT, RT 02/RW 09, DUSUN DRIGU', '4', '3', '6285815435690', '', '0', -8.04747969, 112.80824719, 6, '', '25 January 2023 11:31:25');

--
-- Indexes for dumped tables
--

--
-- Indexes for table `bloksensus`
--
ALTER TABLE `bloksensus`
  ADD PRIMARY KEY (`id`);

--
-- Indexes for table `datast`
--
ALTER TABLE `datast`
  ADD PRIMARY KEY (`kodeRuta`);

--
-- Indexes for table `data_konven`
--
ALTER TABLE `data_konven`
  ADD PRIMARY KEY (`kodebs`);

--
-- Indexes for table `desa`
--
ALTER TABLE `desa`
  ADD PRIMARY KEY (`id_desa`),
  ADD KEY `FK_desa_kabno` (`kabno`);

--
-- Indexes for table `kabupaten`
--
ALTER TABLE `kabupaten`
  ADD PRIMARY KEY (`kabno`);

--
-- Indexes for table `kecamatan`
--
ALTER TABLE `kecamatan`
  ADD PRIMARY KEY (`kabno`,`kecno`) USING BTREE;

--
-- Indexes for table `notif`
--
ALTER TABLE `notif`
  ADD PRIMARY KEY (`_id`);

--
-- Indexes for table `rumahtangga`
--
ALTER TABLE `rumahtangga`
  ADD PRIMARY KEY (`kodeRuta`);

--
-- AUTO_INCREMENT for dumped tables
--

--
-- AUTO_INCREMENT for table `notif`
--
ALTER TABLE `notif`
  MODIFY `_id` int NOT NULL AUTO_INCREMENT;
COMMIT;

/*!40101 SET CHARACTER_SET_CLIENT=@OLD_CHARACTER_SET_CLIENT */;
/*!40101 SET CHARACTER_SET_RESULTS=@OLD_CHARACTER_SET_RESULTS */;
/*!40101 SET COLLATION_CONNECTION=@OLD_COLLATION_CONNECTION */;
